festival,year,award,film_original,film_english,tmdb_id,tmdb_title,source_url
Cannes,2023,PALME D’OR,ANATOMIE D’UNE CHUTE,ANATOMY OF A FALL,915935,Anatomy of a Fall,https://www.festival-cannes.com/en/press/press-releases/the-76th-festival-de-cannes-winners-list/
Cannes,2023,BEST SCREENPLAY,KAIBUTSU,MONSTER,1050035,Monster,https://www.festival-cannes.com/en/press/press-releases/the-76th-festival-de-cannes-winners-list/
Cannes,2023,JURY PRIZE,KUOLLEET LEHDET,FALLEN LEAVES,986280,Fallen Leaves,https://www.festival-cannes.com/en/press/press-releases/the-76th-festival-de-cannes-winners-list/
Cannes,2023,BEST PERFORMANCE BY AN ACTRESS,KURU OTLAR USTUNE,ABOUT DRY GRASSES,665733,About Dry Grasses,https://www.festival-cannes.com/en/press/press-releases/the-76th-festival-de-cannes-winners-list/
Cannes,2023,BEST DIRECTOR,LA PASSION DE DODIN BOUFFANT,THE POT-AU-FEU,56067,The Biscuit Eater,https://www.festival-cannes.com/en/press/press-releases/the-76th-festival-de-cannes-winners-list/
Cannes,2023,BEST PERFORMANCE BY AN ACTOR,PERFECT DAYS,PERFECT DAYS,976893,Perfect Days,https://www.festival-cannes.com/en/press/press-releases/the-76th-festival-de-cannes-winners-list/
Cannes,2023,GRAND PRIX,THE ZONE OF INTEREST,THE ZONE OF INTEREST,467244,The Zone of Interest,https://www.festival-cannes.com/en/press/press-releases/the-76th-festival-de-cannes-winners-list/
San Sebastián,2023,,All Dirt Roads Taste of Salt,All Dirt Roads Taste of Salt,800227,All Dirt Roads Taste of Salt,https://en.wikipedia.org/wiki/71st_San_Sebasti%C3%A1n_International_Film_Festival
San Sebastián,2023,,El sueño de la Sultana,Sultana's Dream,947643,Sultana's Dream,https://en.wikipedia.org/wiki/71st_San_Sebasti%C3%A1n_International_Film_Festival
San Sebastián,2023,,Ex-Husbands,Ex-Husbands,1105545,Ex-Husbands,https://en.wikipedia.org/wiki/71st_San_Sebasti%C3%A1n_International_Film_Festival
San Sebastián,2023,,Fingernails,Fingernails,790459,Fingernails,https://en.wikipedia.org/wiki/71st_San_Sebasti%C3%A1n_International_Film_Festival
San Sebastián,2023,,Great Absence,Great Absence,1159470,Great Absence,https://en.wikipedia.org/wiki/71st_San_Sebasti%C3%A1n_International_Film_Festival
San Sebastián,2023,,Kalak,Kalak,964318,Kalak,https://en.wikipedia.org/wiki/71st_San_Sebasti%C3%A1n_International_Film_Festival
San Sebastián,2023,,L'île rouge,Red Island,820707,Red Island,https://en.wikipedia.org/wiki/71st_San_Sebasti%C3%A1n_International_Film_Festival
San Sebastián,2023,,La práctica,The Practice,713919,The Practice,https://en.wikipedia.org/wiki/71st_San_Sebasti%C3%A1n_International_Film_Festival
San Sebastián,2023,,Le Successeur,The Successor,1072269,The Successor,https://en.wikipedia.org/wiki/71st_San_Sebasti%C3%A1n_International_Film_Festival
San Sebastián,2023,,MMXX,MMXX,985895,MMXX,https://en.wikipedia.org/wiki/71st_San_Sebasti%C3%A1n_International_Film_Festival
San Sebastián,2023,,O corno,The Rye Horn,816888,The Rye Horn,https://en.wikipedia.org/wiki/71st_San_Sebasti%C3%A1n_International_Film_Festival
San Sebastián,2023,,Puan,Puan,764442,Puan,https://en.wikipedia.org/wiki/71st_San_Sebasti%C3%A1n_International_Film_Festival
San Sebastián,2023,,The Royal Hotel,The Royal Hotel,944952,The Royal Hotel,https://en.wikipedia.org/wiki/71st_San_Sebasti%C3%A1n_International_Film_Festival
San Sebastián,2023,,Un amor,Un amor,1087571,Un amor,https://en.wikipedia.org/wiki/71st_San_Sebasti%C3%A1n_International_Film_Festival
San Sebastián,2023,,Un silence,A Silence,962319,A Silence,https://en.wikipedia.org/wiki/71st_San_Sebasti%C3%A1n_International_Film_Festival
San Sebastián,2023,,春行,A Journey in Spring,1083971,A Journey in Spring,https://en.wikipedia.org/wiki/71st_San_Sebasti%C3%A1n_International_Film_Festival
Cannes,2024,Grand Prix,ALL WE IMAGINE AS LIGHT,ALL WE IMAGINE AS LIGHT,927547,All We Imagine as Light,https://www.festival-cannes.com/en/press/press-releases/the-77th-festival-de-cannes-winners-list/
Cannes,2024,Palme d’or,ANORA,ANORA,1064213,Anora,https://www.festival-cannes.com/en/press/press-releases/the-77th-festival-de-cannes-winners-list/
Cannes,2024,Jury Prize,EMILIA PÉREZ,EMILIA PÉREZ,974950,Emilia Pérez,https://www.festival-cannes.com/en/press/press-releases/the-77th-festival-de-cannes-winners-list/
Cannes,2024,Best performance by an actress,EMILIA PÉREZ,EMILIA PÉREZ,974950,Emilia Pérez,https://www.festival-cannes.com/en/press/press-releases/the-77th-festival-de-cannes-winners-list/
Cannes,2024,Best Director,GRAND TOUR,GRAND TOUR,1098709,Grand Tour,https://www.festival-cannes.com/en/press/press-releases/the-77th-festival-de-cannes-winners-list/
Cannes,2024,Best performance by an actor,KINDS OF KINDNESS,KINDS OF KINDNESS,1029955,Kinds of Kindness,https://www.festival-cannes.com/en/press/press-releases/the-77th-festival-de-cannes-winners-list/
Cannes,2024,Special Award,THE SEED OF THE SACRED FIG,THE SEED OF THE SACRED FIG,1278263,The Seed of the Sacred Fig,https://www.festival-cannes.com/en/press/press-releases/the-77th-festival-de-cannes-winners-list/
Cannes,2024,Best Screenplay,THE SUBSTANCE,THE SUBSTANCE,933260,The Substance,https://www.festival-cannes.com/en/press/press-releases/the-77th-festival-de-cannes-winners-list/
San Sebastián,2024,,Conclave,Conclave,974576,Conclave,https://en.wikipedia.org/wiki/72nd_San_Sebasti%C3%A1n_International_Film_Festival
San Sebastián,2024,,El hombre que amaba los platos voladores,The Man Who Loved UFOs,1190469,The Man Who Loved UFOs,https://en.wikipedia.org/wiki/72nd_San_Sebasti%C3%A1n_International_Film_Festival
San Sebastián,2024,,El llanto,The Wailing,1299372,The Wailing,https://en.wikipedia.org/wiki/72nd_San_Sebasti%C3%A1n_International_Film_Festival
San Sebastián,2024,,El lugar de la otra,In Her Place,1247458,In Her Place,https://en.wikipedia.org/wiki/72nd_San_Sebasti%C3%A1n_International_Film_Festival
San Sebastián,2024,,Emmanuelle,Emmanuelle,976576,Emmanuelle,https://en.wikipedia.org/wiki/72nd_San_Sebasti%C3%A1n_International_Film_Festival
San Sebastián,2024,,Hard Truths,Hard Truths,1013154,Hard Truths,https://en.wikipedia.org/wiki/72nd_San_Sebasti%C3%A1n_International_Film_Festival
San Sebastián,2024,,Hebi no Michi,Serpent's Path,1115780,Serpent's Path,https://en.wikipedia.org/wiki/72nd_San_Sebasti%C3%A1n_International_Film_Festival
San Sebastián,2024,,Le dernier souffle,Last Breath,1241674,The Last Breath,https://en.wikipedia.org/wiki/72nd_San_Sebasti%C3%A1n_International_Film_Festival
San Sebastián,2024,,Los destellos,Glimmers,1214107,Glimmers,https://en.wikipedia.org/wiki/72nd_San_Sebasti%C3%A1n_International_Film_Festival
San Sebastián,2024,,On Falling,On Falling,1244697,On Falling,https://en.wikipedia.org/wiki/72nd_San_Sebasti%C3%A1n_International_Film_Festival
San Sebastián,2024,,Quand vient l'automne,When Fall Is Coming,1171634,When Fall Is Coming,https://en.wikipedia.org/wiki/72nd_San_Sebasti%C3%A1n_International_Film_Festival
San Sebastián,2024,,Soy Nevenka,I'm Nevenka,1235922,I Am Nevenka,https://en.wikipedia.org/wiki/72nd_San_Sebasti%C3%A1n_International_Film_Festival
San Sebastián,2024,,Tardes de soledad,Afternoons of Solitude,975324,Afternoons of Solitude,https://en.wikipedia.org/wiki/72nd_San_Sebasti%C3%A1n_International_Film_Festival
San Sebastián,2024,,The End,The End,881366,The End,https://en.wikipedia.org/wiki/72nd_San_Sebasti%C3%A1n_International_Film_Festival
San Sebastián,2024,,The Last Showgirl,The Last Showgirl,1235499,The Last Showgirl,https://en.wikipedia.org/wiki/72nd_San_Sebasti%C3%A1n_International_Film_Festival
San Sebastián,2024,,捆绑上天堂,Bound in Heaven,1323072,Bound in Heaven,https://en.wikipedia.org/wiki/72nd_San_Sebasti%C3%A1n_International_Film_Festival
Cannes,2025,Grand Prix,AFFEKSJONSVERDI,SENTIMENTAL VALUE,1124566,Sentimental Value,https://www.festival-cannes.com/en/press/press-releases/the-78th-festival-de-cannes-winners-list/
Cannes,2025,Best Screenplay,JEUNES MÈRES,JEUNES MÈRES,1242015,Young Mothers,https://www.festival-cannes.com/en/press/press-releases/the-78th-festival-de-cannes-winners-list/
Cannes,2025,Special Award,KUANG YE SHI DAI,RESURRECTION,878608,Resurrection,https://www.festival-cannes.com/en/press/press-releases/the-78th-festival-de-cannes-winners-list/
Cannes,2025,Best performance by an actress,LA PETITE DERNIÈRE,LA PETITE DERNIÈRE,961077,The Little Sister,https://www.festival-cannes.com/en/press/press-releases/the-78th-festival-de-cannes-winners-list/
Cannes,2025,Best Director,O AGENTE SECRETO,THE SECRET AGENT,1220564,The Secret Agent,https://www.festival-cannes.com/en/press/press-releases/the-78th-festival-de-cannes-winners-list/
Cannes,2025,Best performance by an actor,O AGENTE SECRETO,THE SECRET AGENT,1220564,The Secret Agent,https://www.festival-cannes.com/en/press/press-releases/the-78th-festival-de-cannes-winners-list/
Cannes,2025,Joint Jury Prize,SIRÂT,SIRÂT,1151272,Sirāt,https://www.festival-cannes.com/en/press/press-releases/the-78th-festival-de-cannes-winners-list/
Cannes,2025,Joint Jury Prize,SOUND OF FALLING,SOUND OF FALLING,1221061,Sound of Falling,https://www.festival-cannes.com/en/press/press-releases/the-78th-festival-de-cannes-winners-list/
Cannes,2025,Palme d’or,UN SIMPLE ACCIDENT,UN SIMPLE ACCIDENT,1456349,It Was Just an Accident,https://www.festival-cannes.com/en/press/press-releases/the-78th-festival-de-cannes-winners-list/
San Sebastián,2025,,27 noches,27 Nights,1327769,27 Nights,https://en.wikipedia.org/wiki/73rd_San_Sebasti%C3%A1n_International_Film_Festival
San Sebastián,2025,,Ballad of a Small Player,Ballad of a Small Player,1272166,Ballad of a Small Player,https://en.wikipedia.org/wiki/73rd_San_Sebasti%C3%A1n_International_Film_Festival
San Sebastián,2025,,Belén,Belén,1301844,Belén,https://en.wikipedia.org/wiki/73rd_San_Sebasti%C3%A1n_International_Film_Festival
San Sebastián,2025,,Couture,Couture,1390382,Couture,https://en.wikipedia.org/wiki/73rd_San_Sebasti%C3%A1n_International_Film_Festival
San Sebastián,2025,,Deux pianos,Two Pianos,1331349,Two Pianos,https://en.wikipedia.org/wiki/73rd_San_Sebasti%C3%A1n_International_Film_Festival
San Sebastián,2025,,Franz,Franz,1157322,Franz,https://en.wikipedia.org/wiki/73rd_San_Sebasti%C3%A1n_International_Film_Festival
San Sebastián,2025,,Historias del buen valle,Good Valley Stories,1457842,Good Valley Stories,https://en.wikipedia.org/wiki/73rd_San_Sebasti%C3%A1n_International_Film_Festival
San Sebastián,2025,,Las corrientes,The Currents,1031084,The Currents,https://en.wikipedia.org/wiki/73rd_San_Sebasti%C3%A1n_International_Film_Festival
San Sebastián,2025,,Le Cri des Gardes,The Fence,1254800,The Fence,https://en.wikipedia.org/wiki/73rd_San_Sebasti%C3%A1n_International_Film_Festival
San Sebastián,2025,,Los Tigres,Los Tigres,1464374,The Tigers,https://en.wikipedia.org/wiki/73rd_San_Sebasti%C3%A1n_International_Film_Festival
San Sebastián,2025,,Los domingos,Sundays,1443576,Sundays,https://en.wikipedia.org/wiki/73rd_San_Sebasti%C3%A1n_International_Film_Festival
San Sebastián,2025,,Maspalomas,Maspalomas,1400214,Maspalomas,https://en.wikipedia.org/wiki/73rd_San_Sebasti%C3%A1n_International_Film_Festival
San Sebastián,2025,,Nevděčné bytosti,Ungrateful Beings,1532470,Ungrateful Beings,https://en.wikipedia.org/wiki/73rd_San_Sebasti%C3%A1n_International_Film_Festival
San Sebastián,2025,,Nuremberg,Nuremberg,1214931,Nuremberg,https://en.wikipedia.org/wiki/73rd_San_Sebasti%C3%A1n_International_Film_Festival
San Sebastián,2025,,Six jours ce printemps-là,Six Days in Spring,1154728,Six Days in Spring,https://en.wikipedia.org/wiki/73rd_San_Sebasti%C3%A1n_International_Film_Festival
San Sebastián,2025,,災 劇場版,SAI: disaster,1521352,Sai: Disaster,https://en.wikipedia.org/wiki/73rd_San_Sebasti%C3%A1n_International_Film_Festival
San Sebastián,2025,,监狱来的妈妈,Her Heart Beats in Its Cage,1532474,Her Heart Beats in its Cage,https://en.wikipedia.org/wiki/73rd_San_Sebasti%C3%A1n_International_Film_Festival
